<?xml version='1.0' encoding='UTF-8'?>
<ti:app xmlns:ti='http://ti.appcelerator.org'>
<id>org.tidesdk.app</id>
<name>Hello World</name>
<version>1.0</version>
<publisher>Me!</publisher>
<url>TideSDK</url>
<icon>default_app_logo.png</icon>
<copyright>2012 by Me!</copyright>
<window>
<id>initial</id>
<title>Hello World</title>
<url>app://index.html</url>
<width>550</width>
<max-width>3000</max-width>
<min-width>0</min-width>
<height>400</height>
<max-height>3000</max-height>
<min-height>0</min-height>
<fullscreen>false</fullscreen>
<resizable>true</resizable>
<chrome scrollbars="true">true</chrome>
<maximizable>false</maximizable>
<minimizable>false</minimizable>
<closeable>true</closeable>
</window>
</ti:app>
